n,"Z(P(n,4))",seeds_vertex_codes
9,6,0 1 2 3 8 13
10,6,0 1 2 3 9 14
11,7,0 1 2 3 4 5 10
12,6,0 1 2 11 16 17
13,8,0 1 2 3 5 6 7 12
14,8,0 1 2 3 4 5 8 13
15,9,0 1 2 3 4 5 6 7 14
16,8,0 1 2 3 4 5 6 15
17,9,0 1 2 3 4 5 6 7 16
18,10,0 1 2 3 4 5 6 7 8 17
19,10,0 1 2 3 4 5 6 7 8 18
20,10,0 1 2 3 4 5 6 7 8 19
21,10,0 1 2 3 4 5 6 7 8 20
22,10,0 1 2 3 4 5 6 7 8 21
23,10,0 1 2 3 4 5 6 7 8 22
24,10,0 1 2 3 4 5 6 7 8 23
25,10,0 1 2 3 4 5 6 7 8 24
26,10,0 1 2 3 4 5 6 7 8 25
27,10,0 1 2 3 4 5 6 7 8 26
28,10,0 1 2 3 4 5 6 7 8 27
29,10,0 1 2 3 4 5 6 7 8 28
30,10,0 1 2 3 4 5 6 7 8 29
